feature,importance
PC1,0.23064684567239277
PC3,0.20001121414103173
PC2,0.17496513103022904
Intensity,0.0933226798993529
PC5,-0.0019537136328911706
PC4,-0.010786601905002283
