feature,importance
Intensity,0.12480378250591025
PC2,0.06877068557919623
PC1,0.055673758865248314
PC3,0.048595744680851115
PC4,0.023040189125295596
PC5,0.019347517730496516
