feature,importance
PC1,0.11444321124676293
PC3,0.02007029226785062
PC2,0.017857935627081083
PC4,0.013969663337032942
PC5,0.005164631890492137
