feature,importance
hour_cos,0.341353196380636
PC2,0.039088290334111354
PC3,0.026128948604189867
PC1,0.013472739124035423
hour_sin,0.0029314465541047476
PC5,0.00011739803892703755
PC4,-0.0001804775822312014
Intensity,-0.0006833617191278248
