feature,importance
RH,0.4999771689497718
MEDI,0.4772653475393202
MC,0.2408117706747844
PHO,0.1790892947742263
LC,0.1454185692541857
SC,0.1336174530695079
