feature,importance
PC1,0.27984744583581805
PC5,0.11580451202544229
PC3,0.09882727092029427
PC2,0.07208805406479835
PC4,0.04129894653150479
