feature,importance
PC2,0.34221002684384993
PC3,0.20702355670500486
PC1,0.05912831079991857
PC4,0.053699965656692994
PC5,0.04231410809030171
