feature,importance
PC1,0.31894866208591693
PC3,0.0958884978492821
Intensity,0.07969945813083064
PC2,0.06577286185129316
PC5,0.06252723311546833
PC4,0.05987933634992456
