feature,importance
PC3,0.0854642014162077
PC2,0.06939253868345137
Intensity,0.03129097823236304
PC5,0.027656209021767686
PC1,0.004614148964070271
PC4,-0.007203973249409912
