feature,importance
RH,0.2821254355400697
MEDI,0.2616376306620209
LC,0.24195702671312427
SC,0.2196167247386759
PHO,0.1881533101045296
MC,0.17819396051103364
