feature,importance
hour_cos,0.2567845371766939
PC1,0.09812021674766773
hour_sin,0.05561421149656439
PC3,0.049553097592313265
PC5,0.03636389028545883
PC4,0.03051226188481082
PC2,0.026937042623317014
Intensity,0.020015641584268978
