feature,importance
PC1,0.32484112772979423
PC2,0.058409697352713986
PC3,0.015843339653114314
PC5,0.00494171757601299
PC4,0.0045511200056176
