feature,importance
PC2,0.20562178907602502
PC3,0.1750089362686349
PC1,0.1681577969819944
Intensity,0.08214533526777272
PC4,-0.0010267947882278323
PC5,-0.0026037833708304112
