feature,importance
MEDI,0.1401371158392435
SC,0.12199527186761232
PHO,0.0749267139479906
RH,0.05149881796690307
MC,0.049210401891252996
LC,0.019044917257683203
