feature,importance
PC4,0.07450621274150682
PC1,0.06210586798822093
PC2,0.013581842993607651
PC3,0.008209437621202298
PC5,-0.004980966745672573
