feature,importance
PC5,0.14797680133143398
PC2,0.147723238777552
PC1,0.1431959946336944
PC3,0.10890972712058984
PC4,0.04874624842675975
