feature,importance
PC1,0.2706490063900007
PC2,0.06623042623411275
PC3,0.011415104276385072
PC5,0.010274032722421186
Intensity,0.008474650656555024
PC4,0.004862720314584679
