feature,importance
PC1,0.36222219296397745
PC2,0.005167737518432913
PC3,0.0028680394635209883
PC5,0.002525717997331848
Intensity,0.0010862123446389778
PC4,-0.002025402008285678
