feature,importance
MEDI,0.41698122780314567
MC,0.33057331303906645
RH,0.2387823439878234
PHO,0.16214865550481986
LC,0.1617174023338406
SC,0.15280060882800606
