feature,importance
PC2,0.08053042223970626
PC3,0.0526078547075793
PC5,0.023947678992919014
PC4,0.020653029110936288
PC1,0.007474429583005556
