feature,importance
PC2,0.0917912404930501
PC3,0.08551337529504326
PC1,0.04530143587726202
PC5,0.005261605035405181
PC4,-0.0027783241542092365
