feature,importance
PC1,0.34420279067921095
PC4,0.1460665515461873
PC5,0.07844319399785644
PC2,0.07591252828391093
PC3,0.057101246476916466
