feature,importance
SC,0.19994326241134752
MEDI,0.15237352245862887
RH,0.06871867612293141
PHO,0.056817966903073246
LC,0.05159338061465716
MC,0.00627423167848699
