feature,importance
PC1,0.3465432410269349
PC2,0.11938854896023872
PC5,0.02505309194894752
PC4,0.006290432235048327
PC3,-0.0017136609264284397
