feature,importance
PC1,0.13328305681246846
PC2,0.10795087265675496
PC3,0.0630072541837247
PC5,0.01588738059326289
PC4,0.012536809595633006
