feature,importance
PC1,0.1068660345246778
PC4,0.056596158521760254
PC2,0.039076100170192064
PC3,0.030386579139314307
PC5,0.019411621687332792
