feature,importance
Intensity,0.08868085106382971
PC3,0.05095508274231675
PC2,0.03621749408983451
PC1,0.02789598108747038
PC4,0.0028368794326240434
PC5,0.0020614657210401566
