feature,importance
PC3,0.18143783798735866
PC1,0.1475111682779414
PC2,0.05796670493156101
PC5,0.0007422467486364326
PC4,-0.0002420369832511667
