feature,importance
Intensity,0.11758241758241754
PC3,0.061771888242476446
PC2,0.05303813833225594
PC1,0.03870932988580041
PC5,0.02040508511096743
PC4,0.017492638080873313
