feature,importance
PC1,0.04930124648434516
PC3,0.03126607351959474
PC2,0.008426628144938145
PC5,-0.01503660658590226
PC4,-0.028956958534423333
