feature,importance
PC1,0.09593770861376484
PC2,0.028251091631373255
PC4,0.016804009761756184
PC3,0.008076430611641797
PC5,-0.006850739245105523
