feature,importance
Intensity,0.08414060451088372
PC1,0.0527103002884867
PC3,0.03688450694990816
PC4,0.023312516391292837
PC5,0.020722692105953233
PC2,0.010412568843430337
