feature,importance
MEDI,0.4644897168858832
MC,0.39062463982591794
LC,0.29652296585203947
RH,0.28479454517793185
SC,0.27507848913599725
PHO,0.20749945829818053
