feature,importance
PC1,0.12798825256975035
PC3,0.036691140479686725
PC4,0.036642192853646526
PC2,0.031091532060695037
PC5,-0.004199706314243786
