feature,importance
PC1,0.3437070554717614
PC3,0.05574548907882245
PC2,0.04706999608960386
PC5,0.0340930674264008
PC4,0.018853695324283642
