feature,importance
PC1,0.26646658276051244
PC2,0.14316602815005364
PC5,0.05499310770876268
PC4,0.037684005735123836
PC3,0.024307428460783043
