feature,importance
PC1,0.04187049257471794
PC3,0.020957133633190034
PC2,0.01484509230988107
Intensity,0.0009356840342756115
PC5,-0.0011655011655011445
PC4,-0.0028453549580309914
