feature,importance
PC2,0.12938662644544993
Intensity,0.07680456798103852
PC4,0.055020469726351995
PC3,0.04087481146304672
PC5,0.02026143790849666
PC1,0.011933491345255934
