feature,importance
PC3,0.07200936778401568
PC1,0.0691749564989002
PC2,0.05328474342558853
hour_sin,0.04610569399301793
PC5,0.03293498363920903
Intensity,0.022916051085065225
PC4,0.020059752454118656
hour_cos,0.009630432165643485
