feature,importance
PC1,0.28865561133931733
PC2,0.15805476029118196
PC5,0.0592045512173307
PC4,0.05486171620356913
PC3,0.027836558187995797
