feature,importance
LC,0.18707534295769598
MEDI,0.1714034331681391
RH,0.15367018602312724
PHO,0.1370609782374489
MC,0.11803490627020045
SC,0.08712561947856068
