feature,importance
hour_cos,0.12814359938960584
PC2,0.06523703488559729
PC3,0.031960407359768496
PC1,0.029178134609444628
Intensity,0.006931478177484629
hour_sin,0.004446565149440603
PC5,0.00018901935834854852
PC4,-0.0001913244724744967
