feature,importance
PC1,0.21714081456716924
PC3,0.12730503164490412
PC2,0.06441297476117384
PC4,0.0014736082199653389
PC5,-0.001562970906312892
