feature,importance
PC1,0.11562522444875396
PC2,0.05010773540185309
PC3,0.04550384256266615
PC4,0.02425842131724491
PC5,0.015567765567765587
