feature,importance
PC1,0.10306855791962181
PC4,0.09319621749408986
PC5,0.07405200945626482
PC2,0.03633096926713956
PC3,0.00543735224586291
