feature,importance
PC1,0.1612291041180178
PC2,0.0728455465361949
PC3,0.068671930019645
PC5,0.05438674524630279
PC4,0.045487230809147884
