feature,importance
PC1,0.3117535333221607
PC3,0.057873861795430304
PC2,0.050041897100720566
PC5,0.04451147980559741
PC4,0.04409809507848709
