feature,importance
PC2,0.043063352922507736
PC3,0.0394519408603915
PC1,0.0294165927968744
PC4,0.02570668767851858
PC5,0.0045525679328495645
