feature,importance
PC1,0.09268046813532645
Intensity,0.07784225019669544
PC2,0.06784765932336738
PC3,0.06297534749541038
PC5,0.010064253868345086
PC4,0.004499409913453878
