feature,importance
PC2,0.1628609232443098
PC3,0.1486706406834202
PC1,0.1296695849411504
Intensity,0.05176825304620839
PC4,-0.0008874689385871918
PC5,-0.0017449713935337636
