feature,importance
PC1,0.3448076855557897
PC2,0.04994162980127803
PC3,0.009512586896987715
PC5,0.006120093392317967
PC4,-0.0020473456920159596
