feature,importance
PC3,0.0879952718676124
PC4,0.07164539007092208
PC5,0.07127659574468097
PC1,0.06709692671394811
PC2,0.029782505910165586
