feature,importance
PC1,0.2777932551319647
PC3,0.11653225806451602
PC2,0.06499999999999988
PC4,0.010786901270772161
PC5,0.0012829912023458734
