feature,importance
PC1,0.2770418497725632
PC2,0.1977683859346636
PC4,0.05600587340636546
PC5,0.0185471379409435
PC3,0.008871436881908057
