feature,importance
PC1,0.23376928306594633
PC2,0.16813501825802343
PC3,0.13358670283227156
PC5,0.0025196773130919206
PC4,0.00172417418364564
