feature,importance
PC1,0.19434281629134328
PC2,0.18255920716022891
PC3,0.07085584922587373
PC4,0.0018538376893261581
PC5,0.0014806170581101636
