feature,importance
Intensity,0.10029806794512686
PC1,0.07248078718666955
PC4,0.05316023845435617
PC5,0.048919054801407756
PC2,0.04189111542052726
PC3,-0.00016878546290307236
