feature,importance
norm_MEDI,0.3152635436980486
norm_RH,0.25030081739346927
norm_MC,0.2411195478288131
norm_PHO,0.22209313583115506
norm_LC,0.21220189111562923
norm_SC,0.201513076912438
