feature,importance
PC3,0.09436184730302379
PC2,0.07541119011707254
PC4,0.06317963082668969
PC5,0.025131078072254565
PC1,0.011937082525317852
