feature,importance
PC1,0.34056597149076606
PC2,0.10096288884207567
PC4,0.026108594902043352
PC3,0.01700196615406213
PC5,0.016365599325889917
Intensity,0.0017335510146758344
