feature,importance
PC3,0.15696674642361538
PC2,0.1379495548824622
PC1,0.13271003047360874
PC5,0.004564125969876838
PC4,0.0039140837862881766
