feature,importance
RH,0.4019658013268237
MC,0.3122576748774832
SC,0.2925881360386153
PHO,0.24848899769027558
MEDI,0.23599758424039566
LC,0.2328464932298798
