feature,importance
PC1,0.15155405168176395
hour_cos,0.13594989818130754
PC2,0.022079734569201537
PC3,0.015812618495892144
hour_sin,0.003666789551295587
PC5,0.003390299136296663
PC4,0.002993118460782318
Intensity,4.3887367460193616e-05
