feature,importance
PC1,0.1589172576832151
PC2,0.02813238770685574
PC3,0.0034373522458628347
PC5,0.00027423167848694696
PC4,-0.003782505910165638
