feature,importance
PC3,0.18555477181675253
Intensity,0.14747659156604834
PC1,0.13154594783987747
PC2,0.12237850895997852
PC5,0.003854150819006974
PC4,0.0018233452738244023
