feature,importance
Intensity,0.37971431975721387
PC3,0.08712161035065213
PC2,0.04592891636353432
PC5,0.042116108412708374
PC1,0.02715223897334529
PC4,0.020358922601400337
