feature,importance
PC1,0.30371594340285096
PC2,0.02142800716241844
Intensity,0.011461186012218313
PC4,0.009955849308335188
PC3,0.005646109823748431
PC5,0.0011169335018609283
