feature,importance
PC2,0.15232708468002587
PC5,0.06877828054298644
PC4,0.06025641025641023
PC3,0.0448717948717949
PC1,0.00966386554621849
