feature,importance
MEDI,0.5296736684959734
RH,0.4498570197018439
SC,0.26495510839168174
LC,0.15303798089390705
PHO,0.1346818337924122
MC,0.07724440519495064
