feature,importance
Intensity,0.08288888888888886
PC5,0.05711111111111108
PC1,0.04787706855791962
PC4,0.035503546099290774
PC2,0.020066193853427856
PC3,0.015962174940898317
