feature,importance
PC1,0.3131626992486483
PC2,0.04296353837511424
PC3,0.0058984621866443225
PC5,-0.0003554876764271612
PC4,-0.0006341724597990946
