feature,importance
PC5,0.08833185593748982
PC4,0.07443339133479987
PC1,0.06626941133983394
PC3,0.06426671919629678
PC2,0.049613141162437015
