feature,importance
Intensity,0.15238297872340434
PC1,0.09631678486997641
PC2,0.08470921985815609
PC4,0.061328605200945706
PC3,0.038959810874704535
PC5,0.036926713947990596
