feature,importance
Intensity,0.24193983613336414
PC4,0.05814707345963258
PC1,0.05075099700722607
PC5,0.04876048697407431
PC3,0.027259123755055088
PC2,0.0016540858021966143
