feature,importance
PC1,0.08998982238418861
PC2,0.03250270855904661
PC3,0.017542707683552778
PC4,0.0019041990872977754
PC5,0.0010177615811419367
