feature,importance
PC1,0.2374508753126117
PC4,0.16027549521654563
PC2,0.14284367432813316
PC3,0.08446717081497368
PC5,0.05203991504902546
