feature,importance
PC1,0.08229723707664884
PC4,-0.007460635769459323
PC5,-0.014653891859774245
PC3,-0.015942513368984
PC2,-0.025297088532382623
