feature,importance
PC1,0.20859728506787326
PC3,0.052673035025976166
PC4,0.024222110496620226
PC2,0.014130495503044424
PC5,0.011485391877548748
Intensity,0.009988268811798151
