feature,importance
Intensity,0.1335602836879433
hour_cos,0.06133806146572115
hour_sin,0.04945153664302604
PC2,0.036009456264775475
PC3,0.010477541371158453
PC1,0.003683215130023676
PC5,0.0011678486997636444
PC4,-0.009933806146572096
