feature,importance
Intensity,0.07077760293731966
hour_cos,0.0027947154471544464
norm_PHO,0.00030323891948595233
norm_MEDI,0.0003032389194859153
norm_LC,-0.0003769997377393401
norm_MC,-0.0019095856281143853
norm_RH,-0.0031471282454759906
hour_sin,-0.013801468659847918
norm_SC,-0.029586283766063426
