feature,importance
PC1,0.29334625322997415
PC3,0.09823345259391769
PC5,0.07385460147088045
PC2,0.045413436692506415
PC4,0.02621993639435501
