feature,importance
PC2,0.06456264775413716
hour_sin,0.060434988179669004
PC3,0.024477541371158467
Intensity,0.02139952718676123
hour_cos,0.020278959810874797
PC1,0.014255319148936185
PC4,0.010316784869976373
PC5,0.00565011820330974
