feature,importance
PC1,0.2950002793140048
PC3,0.06352159097257144
PC2,0.05872297637003528
Intensity,0.027032009384950578
PC4,0.02137869392771356
PC5,0.01598793363499244
