feature,importance
PC2,0.0942171518489378
PC3,0.0867263309729871
PC1,0.07457218725413062
PC5,0.016489640702858594
PC4,-0.0048846052976659156
