feature,importance
PC2,0.2046545694120285
PC1,0.17588328882721105
PC3,0.15788459247110598
Intensity,0.017732360506598727
PC4,0.0006570785760843245
hour_cos,-0.000217273982492087
PC5,-0.0002575748018252
hour_sin,-0.007520483329478596
