feature,importance
norm_PHO,0.39133707253704103
norm_MEDI,0.29626825714486354
norm_LC,0.041298012780001524
norm_MC,0.03158354399269725
norm_SC,0.02342927111860142
norm_RH,0.01668378273997632
