feature,importance
norm_SC,0.10880198233139414
norm_PHO,0.08479494361847306
norm_MEDI,0.07366946778711488
norm_MC,0.07043022337139992
norm_LC,0.03819938231702943
norm_RH,0.011631832220067547
