feature,importance
PC2,0.03771736870328424
PC5,0.03441785131925982
PC4,0.017849130525186958
PC3,0.009302121978178332
PC1,0.001400790133184578
hour_sin,-0.0007551134311697775
hour_cos,-0.019928428379132595
Intensity,-0.02777504185954882
