feature,importance
Intensity,0.28295906137639565
PC4,0.07072618572019318
PC1,0.06506304449911345
PC3,0.045683607028462934
PC5,0.03208295660828305
PC2,-0.0012580864470096431
