feature,importance
norm_SC,0.13044444444444447
norm_LC,0.07145626477541371
norm_PHO,0.05417021276595746
norm_MC,0.028004728132387746
norm_RH,0.010061465721040164
norm_MEDI,0.008860520094562655
