feature,importance
norm_PHO,0.43911792637282837
norm_MEDI,0.29493603709289984
norm_LC,0.10082118317412432
norm_MC,0.09320987654320985
norm_RH,0.08869616222557397
norm_SC,0.07682531702139543
