feature,importance
PC3,0.07342479674796754
PC4,0.047743738526095
PC2,0.02133326776816158
PC5,0.020870213742460047
PC1,0.004503507736690319
