feature,importance
Intensity,0.2525552190088933
PC3,0.09857590049283349
PC2,0.07549018251893665
PC5,0.06758364106606925
PC4,0.05990069568344333
PC1,0.04312638018708322
