feature,importance
hour_cos,0.217227039910746
PC1,0.08134978262773795
PC5,0.07013540240377314
PC3,0.058268674882093495
Intensity,0.05604884997856252
PC4,0.03943589247103626
PC2,0.03621334292260814
hour_sin,0.026398166973246855
