feature,importance
PC1,0.3593486397407967
PC2,0.15018714038321893
PC3,0.09544718172169175
PC4,0.07271102173062964
PC5,0.06587341489302286
