feature,importance
PC1,0.3244550342130989
PC3,0.13255620723362674
PC2,0.03688172043010762
PC4,0.02394916911045956
PC5,0.0020992179863148497
