feature,importance
PC2,0.2789141990419945
PC3,0.16662747972652114
PC4,0.11325486724847737
PC1,0.10725926540623017
PC5,0.08549898805489846
