feature,importance
norm_MEDI,0.3712581565353911
norm_LC,0.3297010029647386
norm_PHO,0.2972570911919931
norm_MC,0.2588626758342269
norm_RH,0.24182944693258193
norm_SC,0.09750695627185886
