feature,importance
hour_sin,0.05280830280830284
Intensity,0.04838037779214255
PC2,0.036780866192630914
PC5,0.0361560008618832
PC4,0.03248940601881778
PC1,0.028600158011922654
PC3,0.016964734611793448
hour_cos,0.015700639230050977
