feature,importance
PC1,0.08831699346405214
PC5,0.017907011289364116
PC2,0.007512626262626128
PC3,0.004630867498514417
PC4,0.0008652703505643103
