feature,importance
PC1,0.3481952576440764
PC3,0.12457657536397682
PC2,0.05982719040461811
PC4,0.004127689167059079
PC5,0.0007496392010826192
