feature,importance
PC1,0.2752890899949725
PC2,0.16700463661247988
PC3,0.045067314675157934
PC4,0.023146751578124403
PC5,0.020113401485950682
