feature,importance
Intensity,0.3079736047155463
PC3,0.12665671411650092
PC2,0.03161686887164713
PC5,0.010919769829755363
PC4,0.004086152638477188
PC1,0.0014122808861974923
