feature,importance
SC,0.19481539670070705
MEDI,0.19284218007705842
PHO,0.18519713462761386
MC,0.18262073093180717
RH,0.1758079901245652
LC,0.15151685183107025
