feature,importance
PC1,0.08327186761229306
PC2,0.03496453900709218
PC4,0.03268085106382971
PC3,0.021579196217494007
PC5,0.013635933806146508
