feature,importance
Intensity,0.14020685197155772
PC3,0.09110464698699987
PC2,0.04884004884004874
PC4,0.02036558213028794
PC5,0.00237736120089053
PC1,-0.002553329023917361
