feature,importance
PC1,0.3991594261924157
PC5,0.09947732826500148
PC3,0.0533626723383717
PC2,0.02961240836274781
PC4,0.01281035991190771
