feature,importance
PC1,0.3644520293332431
PC4,0.1729579939846574
PC5,0.058319158603028574
PC3,0.057958688640314726
PC2,0.0305197901764425
