feature,importance
PC2,0.11472024707318829
Intensity,0.08117503411621063
PC3,0.05818789054083177
PC1,0.053293112116641596
PC5,0.04878977231918417
PC4,0.045669036845507494
