feature,importance
PC1,0.28846288884207566
PC2,0.0885471525875992
PC3,0.0030370058282424375
PC4,0.0026815181518151285
PC5,0.001145460290709906
