feature,importance
PC1,0.1951008323557343
hour_cos,0.1871096586782861
PC3,0.08098709569297806
PC5,0.0579967599575442
PC4,0.02539522931679794
hour_sin,0.023417686162784168
PC2,0.018881626724763973
Intensity,-0.0018602312719959713
