feature,importance
PC2,0.08896926713947995
PC1,0.08574468085106386
PC3,0.05943735224586292
PC4,0.026212765957446815
PC5,0.02404728132387705
