feature,importance
PC1,0.25162560750796054
PC2,0.1700435729847495
PC3,0.04998324115971183
PC4,0.038576057203508284
PC5,0.02599016814703096
Intensity,0.004600301659125246
