feature,importance
Intensity,0.06935224586288413
PC1,0.06250118203309692
PC5,0.058222222222222175
PC4,0.04533333333333326
PC3,0.03530023640661939
PC2,0.03205200945626474
