feature,importance
PC3,0.08930037099051184
PC4,0.08174923667881413
PC2,0.07377129912341174
PC5,0.05762938157304357
Intensity,0.0553530976066187
PC1,0.052622651214200546
