feature,importance
PC3,0.1328227394744773
PC2,0.10587200459779784
PC1,0.10562319084365383
PC5,0.064383187199058
PC4,0.045683607028462934
