feature,importance
PC1,0.2843304843304842
PC3,0.05789062063571856
PC2,0.041327300150829416
PC4,0.03547287861013341
PC5,0.033919892743422074
Intensity,0.01851293223842232
