feature,importance
PC2,0.08405835166398545
PC1,0.0760913577814986
Intensity,0.04335883209122645
PC5,0.0014773958435930767
PC4,-0.016273241625354262
PC3,-0.019556343500005458
