feature,importance
PC1,0.164183574879227
PC2,0.0460193236714976
PC3,0.028840579710144865
PC4,0.008381642512077256
PC5,0.002135265700483132
