feature,importance
PC1,0.22909613988045366
PC2,0.1552008267694542
PC4,0.030386570582649042
PC3,0.02764370705547181
PC5,0.027168873247304548
Intensity,0.006410256410256314
