feature,importance
PC3,0.0664397163120568
PC2,0.06139952718676123
PC1,0.05381560283687947
PC4,0.004879432624113537
PC5,-0.0019999999999999276
