feature,importance
PC1,0.13957454679985204
PC4,0.05511653718091014
PC3,0.043218645948945644
PC2,0.013655197928227928
PC5,8.139104698486517e-05
