feature,importance
hour_cos,0.33993748530489754
PC3,0.07258573871992417
PC5,0.06894596351465372
Intensity,0.055073786703179826
hour_sin,0.03929297539521189
PC1,0.03850232124992522
PC2,0.03722067779575781
PC4,0.0266932215814006
