feature,importance
Intensity,0.13408388996624296
PC5,0.07100481218128285
PC1,0.06523019464195949
PC4,0.06395891690009343
PC2,0.044674279968397644
PC3,0.0351720175249588
