feature,importance
PC3,0.20134815001717155
PC1,0.0898042431506129
PC5,0.0831178115603776
PC2,0.06483525725940413
PC4,0.02489539309068726
