feature,importance
PC2,0.13511455864397048
PC3,0.10244918480212599
PC1,0.026948215183509355
PC5,0.01661998132586373
PC4,0.006184012066365023
