feature,importance
norm_RH,0.13033828916181858
norm_PHO,0.11687854629031101
norm_MEDI,0.11282410400057463
norm_SC,0.09534583063994832
norm_MC,0.09372620843209077
norm_LC,0.0813330460389284
