feature,importance
PC1,0.10392156862745106
PC3,0.07398908281261223
PC2,0.06185448538389715
PC4,0.054532069237951654
PC5,0.0067047331753214605
