feature,importance
PC2,0.08547044917257678
PC1,0.04749881796690303
PC3,0.023919621749408943
PC4,0.020680851063829702
PC5,-0.0012671394799054585
