feature,importance
PC1,0.04748147783897194
PC3,0.044154045371098904
PC5,0.024361559139784994
PC2,0.019952301337529527
PC4,0.010945285864149001
Intensity,0.010830546813532646
