feature,importance
PC1,0.24804180554979274
PC3,0.12901954275756192
PC2,0.11131626626834294
PC4,0.005121963588417248
PC5,0.003181057494156536
