feature,importance
PC1,0.343763166210238
PC2,0.018737711537111085
Intensity,0.007809757039533645
PC3,0.005185292465416769
PC5,0.004140773119865049
PC4,0.002534495470823628
