feature,importance
PC1,0.2238412638336943
PC3,0.10096757010590367
PC2,0.0446305290971916
PC5,-0.0004152736600852395
PC4,-0.00045382226988218327
