feature,importance
Intensity,0.0758581560283688
PC2,0.0482931442080378
PC1,0.047451536643026
PC3,0.018326241134751713
PC5,0.002992907801418402
PC4,0.002534278959810806
