feature,importance
PC3,0.09132011779070603
PC5,0.08692451339510161
PC2,0.05252459958342309
PC4,0.024319471378294932
PC1,-0.026553185376714767
