feature,importance
PC2,0.24086829038905713
PC3,0.14859457191725567
PC4,0.09439903369615828
PC5,0.0866469348897464
PC1,0.0644348551696795
