feature,importance
PC5,0.07441150398896883
PC2,0.07073442988935956
PC3,0.06911476629786495
PC1,0.05670464121168354
PC4,0.03661205773881845
Intensity,0.027255217396062476
