feature,importance
PC1,0.13700910563655663
PC2,0.051846265571755756
hour_cos,0.042218311826154986
PC3,0.013786939277135443
PC4,0.009468744762862413
hour_sin,0.006753812636165628
PC5,0.004038880509468767
Intensity,-0.00026255516451597255
