feature,importance
PC1,0.1299033573543377
hour_cos,0.12528908999497237
PC2,0.0636780068152617
PC3,0.037159935199150874
PC5,0.03158482766325895
hour_sin,0.01951287637562138
PC4,0.009150326797385625
Intensity,0.009077705156136484
