feature,importance
PC2,0.13663003663003667
PC4,0.08506787330316745
PC1,0.08197945845004669
PC5,0.06042878689937511
PC3,0.04379803203332614
