feature,importance
PC1,0.28924361767499024
PC2,0.16016423663482485
PC3,0.03498407910172615
PC5,0.025462264677950985
PC4,0.023808725769510136
