feature,importance
PC5,0.12699565255475811
Intensity,0.0959872573291104
PC1,0.08925401896647911
PC3,0.060871148730573754
PC4,0.04996334868539343
PC2,0.033043810999082636
