feature,importance
SC,0.46520111861056795
RH,0.2545977978230549
PHO,0.24029801579792123
MEDI,0.20593543458300922
LC,0.09671670977102127
MC,0.08566552422604905
