"","norm_PHO","norm_MEDI","norm_SC","norm_MC","norm_LC","norm_RH","Intensity"
"norm_PHO",1,-0.622896062535043,-0.615600823424284,0.565886963256283,0.960809304225456,-0.293315842328114,-0.114188047124146
"norm_MEDI",-0.622896062535043,1,0.860309149925641,-0.12412901645568,-0.694725558376893,0.732547637731881,0.126890624367733
"norm_SC",-0.615600823424284,0.860309149925641,1,-0.181094092377732,-0.649759834369278,0.632556621333674,0.111816938541505
"norm_MC",0.565886963256283,-0.12412901645568,-0.181094092377732,1,0.546478891808329,0.478165712124804,0.0158348776387747
"norm_LC",0.960809304225456,-0.694725558376893,-0.649759834369278,0.546478891808329,1,-0.282664804688746,-0.0991914941917737
"norm_RH",-0.293315842328114,0.732547637731881,0.632556621333674,0.478165712124804,-0.282664804688746,1,0.143664204556483
"Intensity",-0.114188047124146,0.126890624367733,0.111816938541505,0.0158348776387747,-0.0991914941917737,0.143664204556483,1
