feature,importance
MC,0.4523054319767123
RH,0.38701460976547475
LC,0.3311089141538968
PHO,0.19054484538913605
MEDI,0.1591935793925413
SC,0.08866782006920408
