feature,importance
PC1,0.2721831182615495
PC3,0.04940785430981498
PC4,0.045287972738952985
PC2,0.024931568068822796
PC5,0.02397631417239247
