feature,importance
PC1,0.08262884160756516
PC3,0.07294562647754148
PC2,0.0696122931442082
PC5,0.037489361702127764
PC4,0.012992907801418485
