feature,importance
norm_MEDI,0.34431720214467815
norm_PHO,0.26577274340852614
norm_RH,0.25056590551798225
norm_LC,0.24096280006823137
norm_MC,0.2268923834419042
norm_SC,0.03589754228731864
