feature,importance
RH,0.4419385401219313
MC,0.3187407315867524
SC,0.22696627670676126
LC,0.21517479540835957
MEDI,0.1698968803207559
PHO,0.1628769154720713
