feature,importance
PC3,0.06877786519800677
PC2,0.049903291371623304
PC5,0.02907815368476252
PC1,0.010006884343036907
PC4,0.003925714660372319
