feature,importance
PC4,-0.0010670582476749457
PC5,-0.001370533529123789
PC3,-0.029427312775330283
PC1,-0.03195301027900144
PC2,-0.04917278511992159
