feature,importance
hour_cos,0.2997504853620416
PC3,0.01798818309888776
hour_sin,0.007809597902955656
Intensity,0.007453899367101983
PC2,0.00703161686887166
PC5,0.006949263020669116
PC1,0.0011809892274157925
PC4,-0.0004205302886940802
