feature,importance
norm_SC,0.05821276595744688
norm_LC,0.04747990543735233
norm_MEDI,0.04353191489361711
norm_MC,0.03483215130023646
norm_PHO,0.024382978723404336
norm_RH,0.006959810874704579
