feature,importance
PC1,0.092357968828557
PC5,0.07155067155067156
PC2,0.0338684191625368
PC4,0.02598937010701711
PC3,0.019083530848236736
