feature,importance
PC1,0.10834515366430249
PC4,0.09841607565011812
PC5,0.05693617021276587
PC3,0.03579196217494085
PC2,0.029177304964538964
