feature,importance
PC2,0.2672943081225425
PC3,0.12661115666855904
PC5,0.08004093161476622
PC1,0.06694491754101921
PC4,0.05285540066023261
