feature,importance
norm_PHO,0.15270948072383958
norm_MEDI,0.0917010883818516
norm_SC,0.08585759244689224
norm_MC,0.026267046944663048
norm_RH,0.020194072908471083
norm_LC,0.01444072908471028
