feature,importance
MEDI,0.20922933275874445
LC,0.20752711340946628
RH,0.2051820728291316
SC,0.19344968756733452
MC,0.1820728291316526
PHO,0.18176039646627873
