feature,importance
PC1,0.10972850678733026
PC3,0.04975939093586149
PC2,0.034676434676434664
PC5,0.023446814623285128
PC4,0.013463334051569261
