feature,importance
PC1,0.16011994541406296
PC3,0.0960784313725489
PC2,0.06492853551677076
PC4,0.027702362996480583
PC5,0.011621058679882093
