feature,importance
PC2,0.077448859166011
PC3,0.054976396538158924
PC1,0.04097823236296886
Intensity,0.033348085496984016
PC5,0.02876671911880413
PC4,0.011539470233412027
