feature,importance
PC1,0.13595652173913036
PC3,0.07007729468599037
PC2,0.04875362318840578
PC4,0.03512077294685989
PC5,-0.0060144927536232755
