feature,importance
PC1,0.19928833537195598
PC3,0.09989621557507695
PC2,0.09335038363171351
PC5,0.06251899625634749
PC4,0.028544423440453714
