feature,importance
PC1,0.40443745172389584
PC5,0.008753335439927068
PC3,0.0060498736043817685
PC2,0.004974633101608099
PC4,0.004022277227722896
