feature,importance
PC5,0.08707328605200938
PC3,0.06340425531914891
PC4,0.05970685579196211
PC2,0.051451536643025965
PC1,0.026189125295508247
