feature,importance
PC1,0.07780695356187696
PC4,0.053887673231218125
PC2,0.045927546802820296
PC3,0.032837345003646955
PC5,0.0034476051543885777
