feature,importance
hour_cos,0.23809335720806127
PC1,0.11148269082227369
PC5,0.01967470683238533
PC3,0.01485587388526081
PC4,0.005940155185731322
hour_sin,0.003418825925145715
PC2,0.0033749385576855215
Intensity,0.0008009444561477563
