feature,importance
PC1,0.06463333223896599
Intensity,0.050275233373824856
PC2,0.028852993641725926
PC5,0.015178874333803863
PC3,0.014719240071352687
PC4,-0.003343292075686436
