feature,importance
LC,0.28635888501742157
MEDI,0.26271196283391407
MC,0.2429094076655052
RH,0.22979094076655052
PHO,0.17567944250871084
SC,0.1698548199767712
