feature,importance
PC1,0.2841663155677271
Intensity,0.029566919457903313
PC2,0.014364335369707234
hour_cos,0.013569974018678543
PC4,0.006618215012990795
PC3,0.0033222737167334
PC5,-0.0003335439926970644
hour_sin,-0.00046520609507753424
