feature,importance
MEDI,0.237781954887218
MC,0.2160859237646354
PHO,0.18229809598623417
SC,0.1651096023641192
LC,0.15858676542101516
RH,0.15684266636741098
