feature,importance
Intensity,0.25301854694825937
PC1,0.13475927693180093
PC5,0.09891936249763733
PC2,0.06257462806983576
PC3,0.04750609702686389
PC4,0.04510186299323682
