feature,importance
PC1,0.1447703875818892
PC4,0.14016707467186693
PC2,0.12904950924120254
PC3,0.06115006753984379
PC5,0.05954801322213458
