feature,importance
norm_PHO,0.11734526619459747
norm_MEDI,0.07014653815893009
norm_SC,0.05818908995541575
norm_LC,0.030561565696302157
norm_RH,0.029979674796747974
norm_MC,0.02391489640702867
