feature,importance
PC1,0.40443964609226896
PC2,0.005962098869461603
PC5,0.005488115300891883
PC3,0.0034824626079630696
PC4,0.002108788006460379
