feature,importance
PC1,0.2417138011031911
PC2,0.1796996011971095
PC4,0.0403901820195266
PC5,0.010224142643873835
PC3,0.0060661494144115995
