feature,importance
PC1,0.08366935483870974
PC3,0.028209415158667744
PC5,0.005187844217151942
PC4,-0.011744361395226758
PC2,-0.015284880671387299
