feature,importance
PC1,0.3591575625696361
PC3,0.11508550747395892
PC2,0.10863412372598731
PC4,0.013157009220001403
PC5,0.00033088812616373825
