feature,importance
PC1,0.4202737050110115
PC5,0.11714483965366392
PC2,0.08145344978429418
PC3,0.07515008899749591
PC4,0.038674314417594315
