feature,importance
PC1,0.14480265917965593
PC2,0.1419304869784103
PC5,0.1396553393358504
PC3,0.09408553817499499
PC4,0.06318317819915258
