feature,importance
Intensity,0.21168785066548634
hour_cos,0.07291306492584444
PC2,0.06721482280587703
PC3,0.062316455287701134
PC1,0.0605530429811579
PC4,0.04076363820772755
PC5,0.033308899123595505
hour_sin,0.02699058130368026
