feature,importance
norm_LC,0.3866057598631875
norm_MC,0.30594279386306134
norm_RH,0.27893423607168644
norm_MEDI,0.26999621522740175
norm_SC,0.24268978181486864
norm_PHO,0.2370494193177597
