feature,importance
norm_RH,0.26245461147421933
norm_MEDI,0.25329311211664157
norm_PHO,0.24160661415563378
norm_LC,0.1192894251717781
norm_MC,0.06679794424892467
norm_SC,0.03100944081336236
