feature,importance
PC1,0.30988211853100206
PC2,0.025156239028158184
Intensity,0.014682518783793341
PC4,0.004557703110736629
PC3,0.004395319851134098
PC5,0.0004586229899585792
