feature,importance
PC2,0.20342632163718422
PC1,0.18214550802410204
PC4,0.15826913590491856
PC3,0.1445606221964049
PC5,0.09369366877354095
