feature,importance
PC1,0.39173885453159546
PC4,0.09099801366030946
PC5,0.07682891569884231
PC3,0.038536491951381535
PC2,0.03529789463012393
