feature,importance
PC2,0.0720367269663044
PC3,0.04512623526708026
PC5,0.03775019972203072
PC4,0.025372905654595785
PC1,0.022330564584085666
