feature,importance
PC1,0.3070466858708833
PC2,0.1119048620310212
PC5,0.02530716233170031
PC4,0.019619490177113435
PC3,0.009507488943557943
