feature,importance
PC2,0.14595744680851072
PC1,0.0602269503546099
PC3,0.05821749408983453
PC5,0.02840189125295504
PC4,0.020260047281323874
