feature,importance
PC1,0.11888888888888892
PC2,0.022789598108747106
PC3,0.004330969267139532
PC5,0.00025059101654856253
PC4,-0.0002458628841607302
