feature,importance
hour_cos,0.2861061372094657
PC1,0.04777578821711966
PC3,0.00250596868197465
PC5,0.0022953093181659425
hour_sin,0.0022601994241977508
PC4,0.0015228916508672752
Intensity,0.00039937504388742884
PC2,-0.0015931114388034369
