feature,importance
PC1,0.12743592935286222
PC2,0.116712538437778
PC3,0.10183072163902825
PC5,0.00801027158854628
PC4,0.002309724354452721
