feature,importance
PC3,0.053492673210983166
PC2,0.03540278188165517
PC4,0.03394727338389325
Intensity,0.023288135964192398
PC5,0.008191339177254712
PC1,-0.014396401720345323
