feature,importance
Intensity,0.11139112903225816
PC2,0.08943499213217938
PC1,0.08417338709677431
PC4,0.06339332546551275
PC3,0.05648849331235254
PC5,0.03300386834513506
