feature,importance
hour_cos,0.3416778464701787
PC2,0.06814839402698832
PC3,0.04703585374511895
Intensity,0.015059310586467109
hour_sin,0.01346417161113648
PC1,0.013342000562447831
PC4,0.0005440069337833142
PC5,0.00022129095611515362
