feature,importance
Intensity,0.4384811141999639
PC3,0.23562876598020355
PC1,0.16445375710551421
PC5,0.15341456555514058
PC2,0.13049712091245627
PC4,0.12444850144530643
